Time,Q (m3/s)
1/1/91,4.5
1/2/91,11
1/3/91,6.6
1/4/91,5
1/5/91,4.1
1/6/91,3.5
1/7/91,3.2
1/8/91,3.2
1/9/91,5
1/10/91,7.9
1/11/91,11.9
1/12/91,10.4
1/13/91,10.4
1/14/91,8.5
1/15/91,6.8
1/16/91,6.1
1/17/91,7.6
1/18/91,9.5
1/19/91,10.3
1/20/91,9.2
1/21/91,7.3
1/22/91,6.1
1/23/91,5.2
1/24/91,4.5
1/25/91,4.1
1/26/91,3.9
1/27/91,3.7
1/28/91,3.7
1/29/91,3.5
1/30/91,4.5
1/31/91,16.9
2/1/91,14.8
2/2/91,13.1
2/3/91,12.5
2/4/91,11.7
2/5/91,10.4
2/6/91,12
2/7/91,14.4
2/8/91,14.8
2/9/91,15.5
2/10/91,11.5
2/11/91,13
2/12/91,15.9
2/13/91,14
2/14/91,11.1
2/15/91,8.9
2/16/91,7.8
2/17/91,7
2/18/91,6.1
2/19/91,5.6
2/20/91,5.4
2/21/91,5
2/22/91,4.8
2/23/91,4.5
2/24/91,4.3
2/25/91,3.9
2/26/91,3.9
2/27/91,3.6
2/28/91,3.6
3/1/91,6.1
3/2/91,5.6
3/3/91,4.8
3/4/91,4.8
3/5/91,4.1
3/6/91,3.9
3/7/91,3.6
3/8/91,3.4
3/9/91,3
3/10/91,3
3/11/91,3
3/12/91,2.8
3/13/91,2.6
3/14/91,2.6
3/15/91,2.6
3/16/91,2.4
3/17/91,2.4
3/18/91,2.4
3/19/91,3.4
3/20/91,3.2
3/21/91,3
3/22/91,3.4
3/23/91,3.4
3/24/91,12
3/25/91,2.6
3/26/91,2.4
3/27/91,2.6
3/28/91,2.4
3/29/91,2.2
3/30/91,2.2
3/31/91,3
4/1/91,3
4/2/91,2.6
4/3/91,2.8
4/4/91,2.4
4/5/91,2.4
4/6/91,2
4/7/91,2
4/8/91,2
4/9/91,3
4/10/91,2.4
4/11/91,2.6
4/12/91,2.2
4/13/91,2
4/14/91,1.9
4/15/91,3.4
4/16/91,3.2
4/17/91,2.6
4/18/91,3
4/19/91,2.8
4/20/91,2.4
4/21/91,2.4
4/22/91,2.4
4/23/91,2.4
4/24/91,8.9
4/25/91,7.5
4/26/91,5.9
4/27/91,5.9
4/28/91,4.8
4/29/91,5.6
4/30/91,4.5
5/1/91,4.1
5/2/91,4.1
5/3/91,4.5
5/4/91,4.1
5/5/91,3.6
5/6/91,5.2
5/7/91,5
5/8/91,5
5/9/91,4.5
5/10/91,4.3
5/11/91,4.3
5/12/91,4.1
5/13/91,3.6
5/14/91,3.2
5/15/91,4.5
5/16/91,7.3
5/17/91,5.4
5/18/91,4.3
5/19/91,3.6
5/20/91,3.4
5/21/91,3.4
5/22/91,3.2
5/23/91,3.2
5/24/91,4.1
5/25/91,3
5/26/91,3
5/27/91,4.3
5/28/91,5
5/29/91,10.4
5/30/91,9.8
5/31/91,5.9
6/1/91,7.8
6/2/91,11.1
6/3/91,6.8
6/4/91,5.6
6/5/91,5.2
6/6/91,4.5
6/7/91,4.3
6/8/91,4.5
6/9/91,6.1
6/10/91,11.3
6/11/91,10.7
6/12/91,8.1
6/13/91,9.5
6/14/91,10.7
6/15/91,7.3
6/16/91,5.6
6/17/91,5
6/18/91,4.1
6/19/91,3.6
6/20/91,3.6
6/21/91,3.4
6/22/91,3.2
6/23/91,3.2
6/24/91,3
6/25/91,3.6
6/26/91,5.2
6/27/91,3.6
6/28/91,4.1
6/29/91,3.2
6/30/91,2.8
7/1/91,2.4
7/2/91,2.2
7/3/91,2.2
7/4/91,2.4
7/5/91,2.4
7/6/91,2.2
7/7/91,2
7/8/91,2
7/9/91,2.4
7/10/91,2.4
7/11/91,2.2
7/12/91,3.4
7/13/91,7.5
7/14/91,4.8
7/15/91,6.1
7/16/91,3.4
7/17/91,3.9
7/18/91,3.9
7/19/91,3.4
7/20/91,3.9
7/21/91,2.8
7/22/91,2.4
7/23/91,2.4
7/24/91,2.4
7/25/91,2.2
7/26/91,2.2
7/27/91,2
7/28/91,2.4
7/29/91,4.3
7/30/91,2.8
7/31/91,2.2
8/1/91,2
8/2/91,2.8
8/3/91,2.4
8/4/91,1.9
8/5/91,1.9
8/6/91,1.7
8/7/91,2.8
8/8/91,2.6
8/9/91,3
8/10/91,3.2
8/11/91,7
8/12/91,3.9
8/13/91,3
8/14/91,2.6
8/15/91,2.2
8/16/91,2.4
8/17/91,5.6
8/18/91,7
8/19/91,4.1
8/20/91,3
8/21/91,2.6
8/22/91,2.2
8/23/91,2.4
8/24/91,2.2
8/25/91,2
8/26/91,1.9
8/27/91,1.7
8/28/91,1.6
8/29/91,1.6
8/30/91,1.4
8/31/91,1.4
9/1/91,1.6
9/2/91,1.6
9/3/91,1.4
9/4/91,1.4
9/5/91,1.9
9/6/91,2.2
9/7/91,1.9
9/8/91,1.7
9/9/91,1.6
9/10/91,1.6
9/11/91,1.4
9/12/91,1.2
9/13/91,1.4
9/14/91,1.6
9/15/91,2.2
9/16/91,1.7
9/17/91,1.3
9/18/91,1.4
9/19/91,1.4
9/20/91,1.4
9/21/91,1.4
9/22/91,1.4
9/23/91,1.4
9/24/91,1.3
9/25/91,1.3
9/26/91,1.3
9/27/91,1.3
9/28/91,1.3
9/29/91,1.3
9/30/91,1.3
10/1/91,1.6
10/2/91,1.6
10/3/91,1.4
10/4/91,1.3
10/5/91,1.4
10/6/91,1.4
10/7/91,1.6
10/8/91,2
10/9/91,1.4
10/10/91,1.3
10/11/91,1.2
10/12/91,1.2
10/13/91,1.2
10/14/91,1.2
10/15/91,1.1
10/16/91,1.1
10/17/91,1.2
10/18/91,2.6
10/19/91,2
10/20/91,1.7
10/21/91,1.4
10/22/91,1.2
10/23/91,1.3
10/24/91,1.3
10/25/91,1.2
10/26/91,1.4
10/27/91,1.6
10/28/91,1.6
10/29/91,1.3
10/30/91,1.3
10/31/91,1.4
11/1/91,1.2
11/2/91,1.2
11/3/91,1.2
11/4/91,1.4
11/5/91,1.4
11/6/91,1.6
11/7/91,1.7
11/8/91,1.7
11/9/91,2.2
11/10/91,6.3
11/11/91,3.6
11/12/91,2.6
11/13/91,2.6
11/14/91,2.6
11/15/91,2.2
11/16/91,1.9
11/17/91,1.6
11/18/91,1.6
11/19/91,1.3
11/20/91,1.4
11/21/91,1.4
11/22/91,1.2
11/23/91,1.2
11/24/91,1.3
11/25/91,1.3
11/26/91,1.2
11/27/91,1.3
11/28/91,1.3
11/29/91,1.3
11/30/91,1.2
12/1/91,1.3
12/2/91,2.4
12/3/91,3.6
12/4/91,4.8
12/5/91,5
12/6/91,4.8
12/7/91,3.9
12/8/91,2.8
12/9/91,2.4
12/10/91,3.2
12/11/91,6.1
12/12/91,17.6
12/13/91,13.7
12/14/91,11.4
12/15/91,9.8
12/16/91,6.8
12/17/91,5.2
12/18/91,3.9
12/19/91,3.2
12/20/91,2.8
12/21/91,2.4
12/22/91,2.4
12/23/91,2.2
12/24/91,1.7
12/25/91,1.7
12/26/91,1.7
12/27/91,1.9
12/28/91,1.7
12/29/91,1.6
12/30/91,1.4
12/31/91,1.7
1/1/92,3.9
1/2/92,2.4
1/3/92,1.9
1/4/92,1.7
1/5/92,1.6
1/6/92,1.6
1/7/92,1.6
1/8/92,1.6
1/9/92,1.6
1/10/92,2
1/11/92,6.4
1/12/92,7
1/13/92,11.9
1/14/92,9.3
1/15/92,8.7
1/16/92,8.6
1/17/92,6.8
1/18/92,5.9
1/19/92,6.3
1/20/92,7.8
1/21/92,7.5
1/22/92,7.3
1/23/92,6.5
1/24/92,5.6
1/25/92,8.4
1/26/92,12.1
1/27/92,20.1
1/28/92,16.5
1/29/92,9.8
1/30/92,7
1/31/92,5.6
2/1/92,4.8
2/2/92,4.5
2/3/92,4.1
2/4/92,3.6
2/5/92,5.9
2/6/92,9.2
2/7/92,6.3
2/8/92,6.1
2/9/92,5.9
2/10/92,4.8
2/11/92,4.5
2/12/92,4.1
2/13/92,8.6
2/14/92,9.8
2/15/92,7.3
2/16/92,6.3
2/17/92,14.4
2/18/92,11.4
2/19/92,8.9
2/20/92,7.5
2/21/92,6.5
2/22/92,5.9
2/23/92,5
2/24/92,4.5
2/25/92,4.3
2/26/92,4.1
2/27/92,3.9
2/28/92,3.6
2/29/92,3.4
3/1/92,3.4
3/2/92,3.2
3/3/92,14
3/4/92,19.1
3/5/92,18
3/6/92,10.7
3/7/92,8.4
3/8/92,8.1
3/9/92,12
3/10/92,21.5
3/11/92,18.4
3/12/92,12.7
3/13/92,8.9
3/14/92,7.5
3/15/92,6.5
3/16/92,5.9
3/17/92,5
3/18/92,4.8
3/19/92,4.8
3/20/92,4.3
3/21/92,4.1
3/22/92,3.9
3/23/92,3.6
3/24/92,3.4
3/25/92,3.4
3/26/92,3.6
3/27/92,4.1
3/28/92,7.5
3/29/92,12.3
3/30/92,15.5
3/31/92,15.7
4/1/92,13.7
4/2/92,10.4
4/3/92,9.2
4/4/92,11.4
4/5/92,12.3
4/6/92,18.4
4/7/92,18.4
4/8/92,18.8
4/9/92,13
4/10/92,9.2
4/11/92,7.5
4/12/92,7.8
4/13/92,7.3
4/14/92,7.8
4/15/92,9.8
4/16/92,7.5
4/17/92,6.5
4/18/92,5.6
4/19/92,5.2
4/20/92,4.8
4/21/92,4.8
4/22/92,4.1
4/23/92,3.6
4/24/92,3.6
4/25/92,3.4
4/26/92,3.2
4/27/92,3
4/28/92,2.6
4/29/92,3
4/30/92,3
5/1/92,2.8
5/2/92,2.6
5/3/92,2.6
5/4/92,2.4
5/5/92,2.4
5/6/92,2.6
5/7/92,2.2
5/8/92,2
5/9/92,2.2
5/10/92,2.2
5/11/92,2
5/12/92,2.2
5/13/92,3
5/14/92,4.1
5/15/92,5
5/16/92,3.4
5/17/92,5.2
5/18/92,4.3
5/19/92,4.8
5/20/92,4.1
5/21/92,3.2
5/22/92,3
5/23/92,2.6
5/24/92,3
5/25/92,4.1
5/26/92,3.6
5/27/92,3.9
5/28/92,3
5/29/92,2.6
5/30/92,2.2
5/31/92,9.5
6/1/92,12.7
6/2/92,6.8
6/3/92,5
6/4/92,4.3
6/5/92,3.6
6/6/92,3
6/7/92,2.8
6/8/92,2.6
6/9/92,2.4
6/10/92,2.4
6/11/92,2
6/12/92,1.9
6/13/92,2
6/14/92,2.2
6/15/92,9.2
6/16/92,5
6/17/92,4.8
6/18/92,4.1
6/19/92,3.2
6/20/92,2.6
6/21/92,2.2
6/22/92,2.2
6/23/92,1.9
6/24/92,1.7
6/25/92,1.7
6/26/92,1.7
6/27/92,1.9
6/28/92,2.3
6/29/92,1.3
6/30/92,0.5
7/1/92,1.2
7/2/92,2
7/3/92,2.8
7/4/92,2.2
7/5/92,2
7/6/92,2
7/7/92,2
7/8/92,2
7/9/92,2.2
7/10/92,2.2
7/11/92,1.8
7/12/92,1.7
7/13/92,1.7
7/14/92,2
7/15/92,2
7/16/92,3
7/17/92,2.4
7/18/92,2
7/19/92,2
7/20/92,1.8
7/21/92,2
7/22/92,1.8
7/23/92,1.7
7/24/92,1.7
7/25/92,1.7
7/26/92,1.5
7/27/92,1.5
7/28/92,1.5
7/29/92,1.7
7/30/92,1.7
7/31/92,1.1
8/1/92,1.2
8/2/92,1.8
8/3/92,1.5
8/4/92,1.5
8/5/92,1.2
8/6/92,2.8
8/7/92,2
8/8/92,1.7
8/9/92,1.7
8/10/92,1.3
8/11/92,1.3
8/12/92,1.3
8/13/92,1.5
8/14/92,1.8
8/15/92,1.5
8/16/92,1.7
8/17/92,1.7
8/18/92,1.3
8/19/92,1.3
8/20/92,2
8/21/92,1.5
8/22/92,1.5
8/23/92,1.5
8/24/92,2
8/25/92,1.7
8/26/92,1.7
8/27/92,1.7
8/28/92,1.5
8/29/92,1.5
8/30/92,1.3
8/31/92,1.3
9/1/92,1.2
9/2/92,1.3
9/3/92,1.3
9/4/92,1.5
9/5/92,1.5
9/6/92,2.6
9/7/92,2
9/8/92,1.5
9/9/92,1.5
9/10/92,1.5
9/11/92,1.3
9/12/92,1.3
9/13/92,1.2
9/14/92,1.2
9/15/92,1.8
9/16/92,2.2
9/17/92,1.7
9/18/92,1.7
9/19/92,1.5
9/20/92,1.3
9/21/92,1.3
9/22/92,1.3
9/23/92,1.2
9/24/92,1.1
9/25/92,1.1
9/26/92,1
9/27/92,0.9
9/28/92,1.1
9/29/92,1
9/30/92,0.9
10/1/92,0.9
10/2/92,1.2
10/3/92,0.7
10/4/92,0.8
10/5/92,0.8
10/6/92,0.7
10/7/92,0.8
10/8/92,0.9
10/9/92,0.9
10/10/92,0.9
10/11/92,0.9
10/12/92,0.9
10/13/92,0.8
10/14/92,0.8
10/15/92,0.8
10/16/92,0.8
10/17/92,0.8
10/18/92,0.8
10/19/92,0.7
10/20/92,0.8
10/21/92,0.8
10/22/92,0.8
10/23/92,0.8
10/24/92,1.1
10/25/92,1
10/26/92,0.9
10/27/92,1
10/28/92,1
10/29/92,1
10/30/92,1
10/31/92,1
11/1/92,1
11/2/92,1
11/3/92,1
11/4/92,0.9
11/5/92,1
11/6/92,1
11/7/92,1
11/8/92,1
11/9/92,1
11/10/92,0.8
11/11/92,0.9
11/12/92,1.1
11/13/92,1.2
11/14/92,0.9
11/15/92,1.1
11/16/92,1
11/17/92,0.9
11/18/92,0.9
11/19/92,0.7
11/20/92,0.9
11/21/92,0.8
11/22/92,0.9
11/23/92,0.8
11/24/92,0.8
11/25/92,0.8
11/26/92,1
11/27/92,1
11/28/92,0.9
11/29/92,0.9
11/30/92,0.8
12/1/92,0.8
12/2/92,0.9
12/3/92,0.8
12/4/92,0.9
12/5/92,0.8
12/6/92,0.9
12/7/92,0.8
12/8/92,0.9
12/9/92,1.3
12/10/92,1.3
12/11/92,1.1
12/12/92,1.2
12/13/92,1.2
12/14/92,1.1
12/15/92,10.1
12/16/92,5.7
12/17/92,3.2
12/18/92,2.2
12/19/92,1.8
12/20/92,2
12/21/92,6.6
12/22/92,4.1
12/23/92,2.4
12/24/92,1.8
12/25/92,1.5
12/26/92,1.3
12/27/92,1.5
12/28/92,1.5
12/29/92,1.3
12/30/92,1.1
12/31/92,1.1
1/1/93,1.1
1/2/93,1.2
1/3/93,1.2
1/4/93,1.1
1/5/93,1.2
1/6/93,1.3
1/7/93,1.1
1/8/93,1
1/9/93,1
1/10/93,1
1/11/93,0.8
1/12/93,0.9
1/13/93,0.9
1/14/93,0.9
1/15/93,0.9
1/16/93,0.9
1/17/93,0.9
1/18/93,0.9
1/19/93,0.9
1/20/93,0.9
1/21/93,0.9
1/22/93,0.9
1/23/93,0.9
1/24/93,0.9
1/25/93,0.9
1/26/93,0.9
1/27/93,0.8
1/28/93,0.8
1/29/93,0.7
1/30/93,0.7
1/31/93,0.7
2/1/93,0.6
2/2/93,0.6
2/3/93,0.6
2/4/93,0.6
2/5/93,0.5
2/6/93,0.4
2/7/93,0.4
2/8/93,0.4
2/9/93,0.4
2/10/93,0.4
2/11/93,0.4
2/12/93,0.4
2/13/93,0.4
2/14/93,0.4
2/15/93,0.5
2/16/93,0.5
2/17/93,0.5
2/18/93,0.5
2/19/93,0.5
2/20/93,0.6
2/21/93,0.6
2/22/93,0.6
2/23/93,0.6
2/24/93,0.6
2/25/93,0.6
2/26/93,0.6
2/27/93,0.6
2/28/93,0.6
3/1/93,0.6
3/2/93,0.6
3/3/93,0.7
3/4/93,0.8
3/5/93,0.9
3/6/93,1
3/7/93,1.8
3/8/93,5.4
3/9/93,6.9
3/10/93,7.9
3/11/93,9.7
3/12/93,11.7
3/13/93,15.8
3/14/93,14.3
3/15/93,11.9
3/16/93,9.2
3/17/93,6.2
3/18/93,2.5
3/19/93,3.3
3/20/93,9.5
3/21/93,7.3
3/22/93,5.9
3/23/93,4.8
3/24/93,4.1
3/25/93,4.5
3/26/93,6.8
3/27/93,5.9
3/28/93,5
3/29/93,5.7
3/30/93,6.6
3/31/93,8.8
4/1/93,11.3
4/2/93,10.1
4/3/93,7.3
4/4/93,5.9
4/5/93,5.2
4/6/93,4.5
4/7/93,4.3
4/8/93,3.9
4/9/93,3.9
4/10/93,8.2
4/11/93,9.5
4/12/93,7.6
4/13/93,6.1
4/14/93,5
4/15/93,4.3
4/16/93,3.7
4/17/93,3.7
4/18/93,3.2
4/19/93,2.8
4/20/93,2.4
4/21/93,2.4
4/22/93,2.4
4/23/93,3.5
4/24/93,3.2
4/25/93,2.8
4/26/93,2.4
4/27/93,2.2
4/28/93,2
4/29/93,2.2
4/30/93,2.4
5/1/93,2
5/2/93,2.2
5/3/93,1.8
5/4/93,1.7
5/5/93,1.5
5/6/93,1.5
5/7/93,1.5
5/8/93,1.8
5/9/93,2
5/10/93,1.7
5/11/93,1.5
5/12/93,1.5
5/13/93,1.5
5/14/93,2
5/15/93,3
5/16/93,3.7
5/17/93,3.2
5/18/93,3
5/19/93,2.8
5/20/93,2.2
5/21/93,2
5/22/93,1.7
5/23/93,1.8
5/24/93,1.7
5/25/93,1.5
5/26/93,1.5
5/27/93,1.8
5/28/93,2.4
5/29/93,3.9
5/30/93,2.2
5/31/93,1.7
6/1/93,1.5
6/2/93,1.2
6/3/93,1.2
6/4/93,1.5
6/5/93,1.2
6/6/93,3
6/7/93,7.6
6/8/93,4.1
6/9/93,2.4
6/10/93,2.6
6/11/93,2.4
6/12/93,2
6/13/93,2.8
6/14/93,2.6
6/15/93,3.2
6/16/93,2.6
6/17/93,2.4
6/18/93,2.8
6/19/93,2
6/20/93,2
6/21/93,2
6/22/93,7.6
6/23/93,8.5
6/24/93,5.2
6/25/93,4.1
6/26/93,2.8
6/27/93,4.1
6/28/93,3
6/29/93,2.4
6/30/93,2.6
7/1/93,2.4
7/2/93,2.6
7/3/93,2.8
7/4/93,2.6
7/5/93,2
7/6/93,1.8
7/7/93,4.5
7/8/93,3.9
7/9/93,2.4
7/10/93,2
7/11/93,1.8
7/12/93,1.5
7/13/93,1.5
7/14/93,1.5
7/15/93,1.3
7/16/93,1.5
7/17/93,1.5
7/18/93,1.5
7/19/93,1.3
7/20/93,1.2
7/21/93,1.2
7/22/93,1.7
7/23/93,1.5
7/24/93,2.6
7/25/93,18.8
7/26/93,5.4
7/27/93,3.2
7/28/93,2.2
7/29/93,1.8
7/30/93,1.7
7/31/93,1.3
8/1/93,1.3
8/2/93,1.2
8/3/93,3
8/4/93,2
8/5/93,2
8/6/93,7.9
8/7/93,11
8/8/93,6.8
8/9/93,4.3
8/10/93,3.2
8/11/93,16.2
8/12/93,15
8/13/93,7.9
8/14/93,7.6
8/15/93,7
8/16/93,5.2
8/17/93,5.9
8/18/93,14
8/19/93,8.8
8/20/93,6.6
8/21/93,5.9
8/22/93,6.6
8/23/93,16.5
8/24/93,10.1
8/25/93,6.4
8/26/93,6.1
8/27/93,7
8/28/93,5.7
8/29/93,4.5
8/30/93,3.9
8/31/93,3.2
9/1/93,3.2
9/2/93,3
9/3/93,2.8
9/4/93,3.2
9/5/93,3.9
9/6/93,5.4
9/7/93,4.1
9/8/93,3.7
9/9/93,3.2
9/10/93,2.6
9/11/93,2.4
9/12/93,2.2
9/13/93,2
9/14/93,1.8
9/15/93,1.8
9/16/93,2
9/17/93,2
9/18/93,1.8
9/19/93,1.8
9/20/93,2.4
9/21/93,3.2
9/22/93,2.4
9/23/93,2.4
9/24/93,2.8
9/25/93,2.6
9/26/93,2.2
9/27/93,2.2
9/28/93,2
9/29/93,1.8
9/30/93,1.8
10/1/93,1.8
10/2/93,2.4
10/3/93,2
10/4/93,1.8
10/5/93,1.8
10/6/93,13.6
10/7/93,16.2
10/8/93,7.3
10/9/93,5.4
10/10/93,4.3
10/11/93,3.7
10/12/93,3.2
10/13/93,2.8
10/14/93,2.8
10/15/93,2.4
10/16/93,2.2
10/17/93,2.2
10/18/93,2
10/19/93,2
10/20/93,2
10/21/93,1.8
10/22/93,1.7
10/23/93,1.7
10/24/93,1.7
10/25/93,1.7
10/26/93,1.5
10/27/93,1.5
10/28/93,1.5
10/29/93,1.5
10/30/93,1.3
10/31/93,1.3
11/1/93,1.3
11/2/93,3.2
11/3/93,5.9
11/4/93,3.7
11/5/93,2.8
11/6/93,2.6
11/7/93,3.2
11/8/93,2.8
11/9/93,2.6
11/10/93,4.1
11/11/93,5.9
11/12/93,6.6
11/13/93,11.7
11/14/93,8.2
11/15/93,14.2
11/16/93,12.3
11/17/93,9.2
11/18/93,7.9
11/19/93,17.1
11/20/93,21.4
11/21/93,14
11/22/93,10.4
11/23/93,8.5
11/24/93,7.3
11/25/93,6.6
11/26/93,5.9
11/27/93,5.2
11/28/93,4.8
11/29/93,4.5
11/30/93,4.1
12/1/93,3.9
12/2/93,3.9
12/3/93,3.7
12/4/93,3.5
12/5/93,3.2
12/6/93,3
12/7/93,2.8
12/8/93,2.8
12/9/93,2.8
12/10/93,2.8
12/11/93,2.6
12/12/93,2.6
12/13/93,2.4
12/14/93,2.2
12/15/93,1.8
12/16/93,1.7
12/17/93,1.5
12/18/93,1.3
12/19/93,1.3
12/20/93,2
12/21/93,2
12/22/93,2
12/23/93,2
12/24/93,1.8
12/25/93,1.5
12/26/93,1.5
12/27/93,1.5
12/28/93,1.3
12/29/93,1.5
12/30/93,1.5
12/31/93,1.3
1/1/94,1.5
1/2/94,1.5
1/3/94,1.2
1/4/94,1.2
1/5/94,1.2
1/6/94,1.3
1/7/94,1.3
1/8/94,1.2
1/9/94,1.3
1/10/94,1.2
1/11/94,1.3
1/12/94,1.2
1/13/94,1.3
1/14/94,1.5
1/15/94,1.3
1/16/94,1.1
1/17/94,1.1
1/18/94,1
1/19/94,1
1/20/94,1.1
1/21/94,1.1
1/22/94,1
1/23/94,1.1
1/24/94,1
1/25/94,1.1
1/26/94,1.1
1/27/94,1.1
1/28/94,1.1
1/29/94,1
1/30/94,1.3
1/31/94,1.7
2/1/94,15.8
2/2/94,5.2
2/3/94,4.1
2/4/94,3
2/5/94,1.7
2/6/94,1.5
2/7/94,1.3
2/8/94,1.3
2/9/94,1.5
2/10/94,1.7
2/11/94,1.7
2/12/94,2
2/13/94,1.7
2/14/94,1.3
2/15/94,1.5
2/16/94,5.9
2/17/94,5
2/18/94,3.5
2/19/94,2.6
2/20/94,1.8
2/21/94,1.7
2/22/94,2.2
2/23/94,5.4
2/24/94,6.6
2/25/94,4.8
2/26/94,5
2/27/94,10.1
2/28/94,6.8
3/1/94,5.2
3/2/94,4.8
3/3/94,4.3
3/4/94,3.9
3/5/94,3.5
3/6/94,2.8
3/7/94,2.6
3/8/94,2.4
3/9/94,2.2
3/10/94,2.2
3/11/94,2.6
3/12/94,3.2
3/13/94,3.2
3/14/94,3.7
3/15/94,5
3/16/94,5.4
3/17/94,4.3
3/18/94,3.9
3/19/94,4.5
3/20/94,17.2
3/21/94,15.8
3/22/94,11.3
3/23/94,11.6
3/24/94,11.6
3/25/94,9.2
3/26/94,21.6
3/27/94,25.6
3/28/94,21.2
3/29/94,18
3/30/94,16.2
3/31/94,15.8
4/1/94,13.6
4/2/94,11.6
4/3/94,9.5
4/4/94,7.9
4/5/94,8.5
4/6/94,8.2
4/7/94,7.3
4/8/94,6.6
4/9/94,5.9
4/10/94,5.2
4/11/94,5
4/12/94,4.5
4/13/94,4.1
4/14/94,4.8
4/15/94,4.1
4/16/94,3.7
4/17/94,3.5
4/18/94,3
4/19/94,2.6
4/20/94,3
4/21/94,2.8
4/22/94,2.6
4/23/94,2.6
4/24/94,6.1
4/25/94,9.8
4/26/94,5.9
4/27/94,4.5
4/28/94,3.9
4/29/94,4.1
4/30/94,3.5
5/1/94,3.2
5/2/94,2.8
5/3/94,2.8
5/4/94,3.9
5/5/94,18
5/6/94,10.7
5/7/94,6.8
5/8/94,7
5/9/94,15.8
5/10/94,8.8
5/11/94,6.6
5/12/94,5.4
5/13/94,4.8
5/14/94,4.5
5/15/94,4.3
5/16/94,3.7
5/17/94,3.2
5/18/94,3
5/19/94,3
5/20/94,10.1
5/21/94,8.8
5/22/94,5.2
5/23/94,4.1
5/24/94,3.5
5/25/94,3
5/26/94,3.7
5/27/94,3
5/28/94,3.5
5/29/94,3.2
5/30/94,2.6
5/31/94,2.4
6/1/94,2.4
6/2/94,3.7
6/3/94,3.7
6/4/94,2.8
6/5/94,2.4
6/6/94,2.6
6/7/94,2.4
6/8/94,2.4
6/9/94,2.2
6/10/94,2
6/11/94,1.8
6/12/94,1.8
6/13/94,1.7
6/14/94,1.7
6/15/94,3
6/16/94,2
6/17/94,1.8
6/18/94,1.7
6/19/94,1.8
6/20/94,1.7
6/21/94,1.7
6/22/94,1.7
6/23/94,1.7
6/24/94,1.7
6/25/94,1.5
6/26/94,1.8
6/27/94,2.2
6/28/94,1.5
6/29/94,1.5
6/30/94,1.7
7/1/94,1.5
7/2/94,1.5
7/3/94,1.3
7/4/94,1.5
7/5/94,1.5
7/6/94,1.3
7/7/94,1.5
7/8/94,1.3
7/9/94,1.3
7/10/94,1.5
7/11/94,1.3
7/12/94,1.3
7/13/94,1.2
7/14/94,1.3
7/15/94,1.2
7/16/94,1.2
7/17/94,1.2
7/18/94,1.2
7/19/94,1.2
7/20/94,1.7
7/21/94,1.3
7/22/94,2
7/23/94,1.3
7/24/94,1.2
7/25/94,1.1
7/26/94,1.1
7/27/94,1
7/28/94,1.5
7/29/94,1.5
7/30/94,1
7/31/94,1
8/1/94,1
8/2/94,1
8/3/94,1
8/4/94,1.1
8/5/94,1
8/6/94,0.9
8/7/94,1.1
8/8/94,2
8/9/94,1.1
8/10/94,2
8/11/94,1.2
8/12/94,2.2
8/13/94,1.2
8/14/94,1
8/15/94,1
8/16/94,0.9
8/17/94,0.9
8/18/94,2.2
8/19/94,1.8
8/20/94,1.2
8/21/94,1
8/22/94,1
8/23/94,1.1
8/24/94,1
8/25/94,1.1
8/26/94,0.9
8/27/94,0.9
8/28/94,1
8/29/94,1.5
8/30/94,2.4
8/31/94,1.2
9/1/94,1.1
9/2/94,1
9/3/94,1
9/4/94,0.9
9/5/94,0.9
9/6/94,1
9/7/94,1.8
9/8/94,1.1
9/9/94,1
9/10/94,1
9/11/94,1
9/12/94,1
9/13/94,0.9
9/14/94,0.9
9/15/94,0.9
9/16/94,1
9/17/94,1.7
9/18/94,1.1
9/19/94,1
9/20/94,1
9/21/94,1.3
9/22/94,1.2
9/23/94,1
9/24/94,1
9/25/94,1
9/26/94,0.9
9/27/94,1.2
9/28/94,1.3
9/29/94,1.1
9/30/94,1
10/1/94,1
10/2/94,1
10/3/94,1
10/4/94,0.9
10/5/94,0.9
10/6/94,1
10/7/94,1
10/8/94,2.4
10/9/94,1.7
10/10/94,1.5
10/11/94,1.3
10/12/94,1.1
10/13/94,1.2
10/14/94,1
10/15/94,1
10/16/94,1.1
10/17/94,1.5
10/18/94,1.3
10/19/94,1.3
10/20/94,1.2
10/21/94,1.1
10/22/94,1
10/23/94,1
10/24/94,1.5
10/25/94,1.2
10/26/94,1.1
10/27/94,1
10/28/94,1
10/29/94,1
10/30/94,0.9
10/31/94,0.9
11/1/94,0.9
11/2/94,0.9
11/3/94,1.1
11/4/94,1
11/5/94,1
11/6/94,1
11/7/94,1
11/8/94,0.9
11/9/94,0.9
11/10/94,0.9
11/11/94,0.9
11/12/94,0.9
11/13/94,1
11/14/94,1
11/15/94,1.5
11/16/94,2.4
11/17/94,15
11/18/94,22
11/19/94,12.6
11/20/94,7.9
11/21/94,5.4
11/22/94,4.1
11/23/94,3.2
11/24/94,2.8
11/25/94,2.4
11/26/94,2
11/27/94,1.8
11/28/94,2
11/29/94,2.8
11/30/94,3
12/1/94,2.8
12/2/94,2.6
12/3/94,2.2
12/4/94,2.2
12/5/94,2
12/6/94,2.4
12/7/94,3.9
12/8/94,6.4
12/9/94,5.4
12/10/94,4.3
12/11/94,3.7
12/12/94,3.2
12/13/94,3
12/14/94,5
12/15/94,7.9
12/16/94,5.4
12/17/94,4.5
12/18/94,4.8
12/19/94,4.8
12/20/94,4.1
12/21/94,3.7
12/22/94,3.2
12/23/94,2.8
12/24/94,2.6
12/25/94,2.4
12/26/94,2.2
12/27/94,2
12/28/94,1.8
12/29/94,1.8
12/30/94,1.3
12/31/94,1.8
1/1/95,1.9
1/2/95,2
1/3/95,7
1/4/95,10.1
1/5/95,6.1
1/6/95,4.8
1/7/95,4.3
1/8/95,3.9
1/9/95,4.1
1/10/95,5.2
1/11/95,4.5
1/12/95,4.1
1/13/95,3.6
1/14/95,3.2
1/15/95,3
1/16/95,2.6
1/17/95,2.4
1/18/95,2.2
1/19/95,1.9
1/20/95,1.9
1/21/95,2
1/22/95,1.9
1/23/95,2.2
1/24/95,2.4
1/25/95,2.2
1/26/95,2.2
1/27/95,1.9
1/28/95,1.9
1/29/95,2.4
1/30/95,4.1
1/31/95,18.1
2/1/95,23.7
2/2/95,11.6
2/3/95,8.2
2/4/95,6.6
2/5/95,5.7
2/6/95,5.2
2/7/95,4.5
2/8/95,4.5
2/9/95,4.1
2/10/95,3.2
2/11/95,3.5
2/12/95,3.2
2/13/95,3
2/14/95,3
2/15/95,2.8
2/16/95,2.8
2/17/95,2.6
2/18/95,2.4
2/19/95,2.4
2/20/95,2.4
2/21/95,2.2
2/22/95,2
2/23/95,2
2/24/95,2.2
2/25/95,2
2/26/95,1.8
2/27/95,2.2
2/28/95,2
3/1/95,2
3/2/95,2
3/3/95,1.7
3/4/95,1.5
3/5/95,1.8
3/6/95,2
3/7/95,1.8
3/8/95,1.8
3/9/95,1.8
3/10/95,1.8
3/11/95,1.8
3/12/95,2
3/13/95,2.2
3/14/95,2.6
3/15/95,5.9
3/16/95,12.9
3/17/95,22
3/18/95,23.1
3/19/95,22
3/20/95,21.6
3/21/95,25.4
3/22/95,31.3
3/23/95,26.5
3/24/95,22.6
3/25/95,18.6
3/26/95,19.2
3/27/95,18
3/28/95,16.2
3/29/95,12.6
3/30/95,10.7
3/31/95,8.8
4/1/95,7.3
4/2/95,7
4/3/95,6.1
4/4/95,5.4
4/5/95,5.2
4/6/95,5
4/7/95,4.8
4/8/95,4.8
4/9/95,4.5
4/10/95,4.3
4/11/95,4.5
4/12/95,4.5
4/13/95,4.5
4/14/95,4.1
4/15/95,3.9
4/16/95,5.7
4/17/95,10.4
4/18/95,8.2
4/19/95,9.8
4/20/95,7.6
4/21/95,12.9
4/22/95,17.2
4/23/95,14.7
4/24/95,11
4/25/95,9.8
4/26/95,11
4/27/95,17.6
4/28/95,15.4
4/29/95,11
4/30/95,9.8
5/1/95,7.6
5/2/95,6.6
5/3/95,6.1
5/4/95,6.4
5/5/95,10.4
5/6/95,18
5/7/95,11
5/8/95,9.2
5/9/95,7.6
5/10/95,7.6
5/11/95,6.4
5/12/95,5.7
5/13/95,5
5/14/95,4.8
5/15/95,4.3
5/16/95,4.8
5/17/95,4.3
5/18/95,5.2
5/19/95,35.9
5/20/95,26.6
5/21/95,12.9
5/22/95,9.5
5/23/95,7.9
5/24/95,7.9
5/25/95,6.6
5/26/95,6.1
5/27/95,6.6
5/28/95,23.7
5/29/95,30.3
5/30/95,23.8
5/31/95,18.8
6/1/95,15
6/2/95,11.6
6/3/95,9.5
6/4/95,9.2
6/5/95,10.4
6/6/95,8.5
6/7/95,9.8
6/8/95,15.4
6/9/95,12.3
6/10/95,23.3
6/11/95,21.2
6/12/95,11.9
6/13/95,9.2
6/14/95,8.5
6/15/95,7.3
6/16/95,6.8
6/17/95,11.9
6/18/95,11.6
6/19/95,7.6
6/20/95,6.8
6/21/95,6.8
6/22/95,7
6/23/95,5.7
6/24/95,5
6/25/95,4.5
6/26/95,4.3
6/27/95,4.1
6/28/95,3.7
6/29/95,3.5
6/30/95,3.2
7/1/95,3.5
7/2/95,5.7
7/3/95,3.7
7/4/95,3.2
7/5/95,3.2
7/6/95,3
7/7/95,2.8
7/8/95,5
7/9/95,4.3
7/10/95,3.7
7/11/95,3.2
7/12/95,2.8
7/13/95,2.6
7/14/95,2.4
7/15/95,3
7/16/95,13.6
7/17/95,6.6
7/18/95,4.5
7/19/95,5.9
7/20/95,11.6
7/21/95,8.5
7/22/95,5.7
7/23/95,5.7
7/24/95,4.8
7/25/95,3.9
7/26/95,3.2
7/27/95,3
7/28/95,2.6
7/29/95,2.4
7/30/95,2.4
7/31/95,2.8
8/1/95,2.6
8/2/95,2.4
8/3/95,2.4
8/4/95,2.2
8/5/95,2
8/6/95,2
8/7/95,2
8/8/95,4.3
8/9/95,2.4
8/10/95,2.2
8/11/95,2
8/12/95,1.8
8/13/95,1.7
8/14/95,1.7
8/15/95,1.8
8/16/95,2
8/17/95,1.5
8/18/95,2.6
8/19/95,2.2
8/20/95,2.6
8/21/95,2.2
8/22/95,5.7
8/23/95,6.4
8/24/95,5.9
8/25/95,5.2
8/26/95,3.7
8/27/95,3
8/28/95,2.6
8/29/95,2.4
8/30/95,2.2
8/31/95,2.2
9/1/95,2.2
9/2/95,3.5
9/3/95,3.5
9/4/95,2.6
9/5/95,2.2
9/6/95,2.4
9/7/95,3
9/8/95,2.8
9/9/95,3.5
9/10/95,14.3
9/11/95,11.6
9/12/95,6.8
9/13/95,5.9
9/14/95,14.3
9/15/95,10.4
9/16/95,6.6
9/17/95,5.2
9/18/95,5.2
9/19/95,4.5
9/20/95,3.7
9/21/95,3.5
9/22/95,3
9/23/95,2.8
9/24/95,2.6
9/25/95,2.6
9/26/95,2.4
9/27/95,2.4
9/28/95,2.8
9/29/95,2.6
9/30/95,2.8
10/1/95,2.4
10/2/95,2.4
10/3/95,2.4
10/4/95,2.2
10/5/95,2
10/6/95,2
10/7/95,1.8
10/8/95,1.8
10/9/95,1.8
10/10/95,1.8
10/11/95,1.7
10/12/95,1.7
10/13/95,1.7
10/14/95,1.5
10/15/95,1.5
10/16/95,1.8
10/17/95,2
10/18/95,2.6
10/19/95,2.2
10/20/95,2.6
10/21/95,1.5
10/22/95,1.5
10/23/95,1.3
10/24/95,1.3
10/25/95,1.5
10/26/95,1.5
10/27/95,1.5
10/28/95,1.5
10/29/95,1.7
10/30/95,1.7
10/31/95,1.5
11/1/95,1.5
11/2/95,1.7
11/3/95,1.7
11/4/95,2
11/5/95,1.7
11/6/95,1.5
11/7/95,1.7
11/8/95,5.4
11/9/95,3.5
11/10/95,3
11/11/95,9.5
11/12/95,6.6
11/13/95,5
11/14/95,4.3
11/15/95,3.9
11/16/95,3.2
11/17/95,3
11/18/95,3
11/19/95,8.8
11/20/95,9.5
11/21/95,25.1
11/22/95,13.6
11/23/95,9.5
11/24/95,7
11/25/95,6.4
11/26/95,7.6
11/27/95,30.2
11/28/95,31.4
11/29/95,14.7
11/30/95,32.6
12/1/95,13.6
12/2/95,10.1
12/3/95,19.6
12/4/95,17.2
12/5/95,22.9
12/6/95,17.1
12/7/95,15.8
12/8/95,13.3
12/9/95,10.4
12/10/95,20.8
12/11/95,20
12/12/95,12.9
12/13/95,19.7
12/14/95,23.1
12/15/95,18.4
12/16/95,13.3
12/17/95,11.9
12/18/95,18
12/19/95,12.3
12/20/95,10.1
12/21/95,10.1
12/22/95,9.5
12/23/95,8.2
12/24/95,9.8
12/25/95,15.8
12/26/95,19.2
12/27/95,12.9
12/28/95,12.9
12/29/95,9.8
12/30/95,8.5
12/31/95,10.1
1/1/96,20.4
1/2/96,25.1
1/3/96,23.7
1/4/96,15.8
1/5/96,11.3
1/6/96,9.2
1/7/96,7.6
1/8/96,7
1/9/96,6.6
1/10/96,5.9
1/11/96,5.7
1/12/96,5.4
1/13/96,5.2
1/14/96,4.8
1/15/96,4.8
1/16/96,4.1
1/17/96,4.3
1/18/96,4.1
1/19/96,3.9
1/20/96,3.9
1/21/96,3.9
1/22/96,4.5
1/23/96,27.6
1/24/96,17.6
1/25/96,10.1
1/26/96,8.2
1/27/96,8.5
1/28/96,11
1/29/96,9.5
1/30/96,9.2
1/31/96,9.8
2/1/96,10.7
2/2/96,9.5
2/3/96,10.4
2/4/96,11
2/5/96,8.8
2/6/96,8.5
2/7/96,13.3
2/8/96,12.9
2/9/96,18.6
2/10/96,22.9
2/11/96,16.5
2/12/96,13.3
2/13/96,11.3
2/14/96,11.3
2/15/96,9.8
2/16/96,8.5
2/17/96,7.9
2/18/96,7.3
2/19/96,6.8
2/20/96,6.4
2/21/96,5.9
2/22/96,5.9
2/23/96,5.4
2/24/96,5
2/25/96,4.8
2/26/96,4.8
2/27/96,4.8
2/28/96,4.3
2/29/96,4.5
3/1/96,4.5
3/2/96,4.3
3/3/96,4.3
3/4/96,4.5
3/5/96,4.5
3/6/96,4.3
3/7/96,4.3
3/8/96,4.3
3/9/96,4.1
3/10/96,4.1
3/11/96,4.3
3/12/96,4.8
3/13/96,4.5
3/14/96,4.5
3/15/96,4.8
3/16/96,5.2
3/17/96,5.9
3/18/96,7.6
3/19/96,7.3
3/20/96,6.4
3/21/96,5.7
3/22/96,5.2
3/23/96,5
3/24/96,5
3/25/96,4.8
3/26/96,9.5
3/27/96,14
3/28/96,17.6
3/29/96,11.9
3/30/96,11.6
3/31/96,15.8
4/1/96,13.6
4/2/96,10.4
4/3/96,9.8
4/4/96,7.6
4/5/96,6.8
4/6/96,6.8
4/7/96,6.8
4/8/96,7.6
4/9/96,6.8
4/10/96,6.6
4/11/96,6.8
4/12/96,5.9
4/13/96,5.4
4/14/96,5.4
4/15/96,5.7
4/16/96,5.7
4/17/96,5.4
4/18/96,8.8
4/19/96,8.5
4/20/96,14
4/21/96,9.2
4/22/96,7.3
4/23/96,6.4
4/24/96,7.3
4/25/96,7.9
4/26/96,6.8
4/27/96,6.1
4/28/96,5.7
4/29/96,5
4/30/96,4.3
5/1/96,3.9
5/2/96,3.9
5/3/96,3.9
5/4/96,3.9
5/5/96,8.2
5/6/96,7
5/7/96,5.9
5/8/96,6.1
5/9/96,5.4
5/10/96,4.3
5/11/96,3.9
5/12/96,3.7
5/13/96,3.5
5/14/96,3
5/15/96,3
5/16/96,3
5/17/96,3.2
5/18/96,3.2
5/19/96,3
5/20/96,3.7
5/21/96,3.2
5/22/96,3.5
5/23/96,3.2
5/24/96,3
5/25/96,3
5/26/96,3.9
5/27/96,3.7
5/28/96,3
5/29/96,2.6
5/30/96,2.6
5/31/96,1.8
6/1/96,2.4
6/2/96,2.4
6/3/96,2.2
6/4/96,2.2
6/5/96,4.1
6/6/96,3.2
6/7/96,3
6/8/96,2.8
6/9/96,2.6
6/10/96,2.6
6/11/96,3.9
6/12/96,2.8
6/13/96,3
6/14/96,3.5
6/15/96,8.8
6/16/96,3.7
6/17/96,9.2
6/18/96,7
6/19/96,5.7
6/20/96,4.8
6/21/96,3.7
6/22/96,3.2
6/23/96,2.8
6/24/96,2.8
6/25/96,2.8
6/26/96,3.2
6/27/96,6.1
6/28/96,4.8
6/29/96,3.7
6/30/96,3.2
7/1/96,2.8
7/2/96,2.6
7/3/96,2.6
7/4/96,2.6
7/5/96,4.3
7/6/96,3.2
7/7/96,3
7/8/96,2.8
7/9/96,2.6
7/10/96,2.8
7/11/96,2.8
7/12/96,2.6
7/13/96,2.4
7/14/96,2.2
7/15/96,2
7/16/96,2.8
7/17/96,11
7/18/96,8.8
7/19/96,8.5
7/20/96,7
7/21/96,6.6
7/22/96,6.4
7/23/96,4.8
7/24/96,4.1
7/25/96,3.5
7/26/96,3
7/27/96,2.8
7/28/96,2.6
7/29/96,2.6
7/30/96,2.2
7/31/96,2.2
8/1/96,2.8
8/2/96,3.9
8/3/96,19.2
8/4/96,9.2
8/5/96,6.1
8/6/96,4.8
8/7/96,5
8/8/96,4.1
8/9/96,3.5
8/10/96,3.2
8/11/96,2.8
8/12/96,2.6
8/13/96,2.4
8/14/96,2.6
8/15/96,3.5
8/16/96,2.8
8/17/96,2.6
8/18/96,3.7
8/19/96,16.5
8/20/96,15.4
8/21/96,13.3
8/22/96,10.1
8/23/96,6.8
8/24/96,5.4
8/25/96,4.8
8/26/96,4.3
8/27/96,4.1
8/28/96,3.7
8/29/96,3.7
8/30/96,3.2
8/31/96,3
9/1/96,3
9/2/96,3
9/3/96,5.2
9/4/96,4.1
9/5/96,2.6
9/6/96,2.6
9/7/96,2.2
9/8/96,2.2
9/9/96,2
9/10/96,2
9/11/96,2.2
9/12/96,3
9/13/96,2.4
9/14/96,2.2
9/15/96,2.4
9/16/96,2.4
9/17/96,2
9/18/96,2
9/19/96,2
9/20/96,2
9/21/96,2
9/22/96,1.8
9/23/96,1.8
9/24/96,1.8
9/25/96,1.7
9/26/96,1.8
9/27/96,1.8
9/28/96,1.8
9/29/96,1.8
9/30/96,1.8
10/1/96,2
10/2/96,1.8
10/3/96,1.8
10/4/96,1.8
10/5/96,1.7
10/6/96,1.7
10/7/96,1.8
10/8/96,1.8
10/9/96,1.8
10/10/96,1.8
10/11/96,1.8
10/12/96,2
10/13/96,1.8
10/14/96,1.8
10/15/96,1.7
10/16/96,1.8
10/17/96,1.8
10/18/96,1.8
10/19/96,1.8
10/20/96,3
10/21/96,2.4
10/22/96,1.8
10/23/96,1.8
10/24/96,2
10/25/96,1.8
10/26/96,3.9
10/27/96,2.4
10/28/96,2
10/29/96,2.4
10/30/96,2.4
10/31/96,1.8
11/1/96,1.8
11/2/96,1.7
11/3/96,1.7
11/4/96,2
11/5/96,3
11/6/96,3.7
11/7/96,3
11/8/96,2.8
11/9/96,2.4
11/10/96,2.2
11/11/96,2.2
11/12/96,2
11/13/96,1.8
11/14/96,1.8
11/15/96,2.8
11/16/96,3.9
11/17/96,3.5
11/18/96,3.2
11/19/96,3.2
11/20/96,2.8
11/21/96,2.6
11/22/96,2.6
11/23/96,2.4
11/24/96,2.2
11/25/96,2.2
11/26/96,1.8
11/27/96,2
11/28/96,4.5
11/29/96,4.1
11/30/96,9.2
12/1/96,11.6
12/2/96,8.5
12/3/96,5.9
12/4/96,4.8
12/5/96,4.1
12/6/96,3.7
12/7/96,3.5
12/8/96,3.2
12/9/96,10.1
12/10/96,21
12/11/96,25.1
12/12/96,24.6
12/13/96,13.3
12/14/96,9.8
12/15/96,7.6
12/16/96,6.1
12/17/96,5.9
12/18/96,8.2
12/19/96,9.5
12/20/96,11.9
12/21/96,7.9
12/22/96,7
12/23/96,18.6
12/24/96,22.3
12/25/96,17.2
12/26/96,11.3
12/27/96,9.8
12/28/96,8.8
12/29/96,17.7
12/30/96,20.4
12/31/96,18
1/1/97,17.6
1/2/97,11.9
1/3/97,9.5
1/4/97,8.5
1/5/97,7.3
1/6/97,6.6
1/7/97,5.7
1/8/97,5.4
1/9/97,4.5
1/10/97,4.5
1/11/97,4.5
1/12/97,4.3
1/13/97,4.1
1/14/97,4.8
1/15/97,5.2
1/16/97,5
1/17/97,4.5
1/18/97,4.1
1/19/97,3.9
1/20/97,3.9
1/21/97,6.1
1/22/97,6.8
1/23/97,6.1
1/24/97,10.1
1/25/97,14.3
1/26/97,27.7
1/27/97,23.7
1/28/97,14
1/29/97,10.7
1/30/97,8.8
1/31/97,7.6
2/1/97,7
2/2/97,6.6
2/3/97,6.1
2/4/97,5.7
2/5/97,5
2/6/97,4.8
2/7/97,4.5
2/8/97,4.3
2/9/97,3.9
2/10/97,3.9
2/11/97,3.7
2/12/97,3.5
2/13/97,3
2/14/97,3
2/15/97,3
2/16/97,3
2/17/97,3
2/18/97,3
2/19/97,6.6
2/20/97,8.8
2/21/97,9.5
2/22/97,6.8
2/23/97,7.3
2/24/97,6.8
2/25/97,6.4
2/26/97,5.9
2/27/97,5.9
2/28/97,13.6
3/1/97,10.4
3/2/97,7.9
3/3/97,6.6
3/4/97,5.7
3/5/97,5.4
3/6/97,5
3/7/97,4.8
3/8/97,4.5
3/9/97,4.5
3/10/97,5.9
3/11/97,11
3/12/97,10.1
3/13/97,9.5
3/14/97,10.1
3/15/97,11.6
3/16/97,11.3
3/17/97,12.3
3/18/97,12.3
3/19/97,11.3
3/20/97,18.8
3/21/97,15
3/22/97,10.4
3/23/97,9.8
3/24/97,7.6
3/25/97,6.6
3/26/97,8.5
3/27/97,10.7
3/28/97,10.4
3/29/97,11
3/30/97,8.5
3/31/97,7
4/1/97,6.4
4/2/97,5.9
4/3/97,7.3
4/4/97,8.5
4/5/97,9.8
4/6/97,11
4/7/97,10.7
4/8/97,8.2
4/9/97,6.8
4/10/97,6.1
4/11/97,5.4
4/12/97,5
4/13/97,4.5
4/14/97,4.5
4/15/97,4.1
4/16/97,3.9
4/17/97,3.9
4/18/97,3.7
4/19/97,3.5
4/20/97,3.5
4/21/97,3.9
4/22/97,3.7
4/23/97,5.4
4/24/97,4.1
4/25/97,3.7
4/26/97,3.5
4/27/97,3.2
4/28/97,3
4/29/97,2.8
4/30/97,2.8
5/1/97,2.8
5/2/97,3.5
5/3/97,3.7
5/4/97,3
5/5/97,2.8
5/6/97,2.6
5/7/97,2.4
5/8/97,2.4
5/9/97,2.2
5/10/97,2.4
5/11/97,2.2
5/12/97,2.2
5/13/97,2.2
5/14/97,3.5
5/15/97,4.3
5/16/97,3.7
5/17/97,4.5
5/18/97,3.2
5/19/97,2.8
5/20/97,2.6
5/21/97,2.4
5/22/97,4.5
5/23/97,4.3
5/24/97,3.7
5/25/97,5.9
5/26/97,3.9
5/27/97,3.2
5/28/97,2.8
5/29/97,2.8
5/30/97,3
5/31/97,3.9
6/1/97,3.2
6/2/97,2.6
6/3/97,2.4
6/4/97,2.4
6/5/97,2.2
6/6/97,3
6/7/97,9.8
6/8/97,6.6
6/9/97,6.4
6/10/97,5
6/11/97,4.5
6/12/97,3.7
6/13/97,3.2
6/14/97,10.4
6/15/97,11.3
6/16/97,6.4
6/17/97,6.4
6/18/97,5.2
6/19/97,4.3
6/20/97,3.7
6/21/97,3.5
6/22/97,2.8
6/23/97,2.6
6/24/97,2.4
6/25/97,3.2
6/26/97,8.8
6/27/97,6.4
6/28/97,4.1
6/29/97,3.7
6/30/97,3.7
7/1/97,3.2
7/2/97,7
7/3/97,6.6
7/4/97,4.1
7/5/97,3.2
7/6/97,3
7/7/97,3.2
7/8/97,3.5
7/9/97,2.6
7/10/97,2.4
7/11/97,2.2
7/12/97,2.2
7/13/97,2
7/14/97,2.8
7/15/97,2.2
7/16/97,2
7/17/97,2
7/18/97,2.4
7/19/97,2.6
7/20/97,2
7/21/97,2.4
7/22/97,2.4
7/23/97,2
7/24/97,2
7/25/97,2.4
7/26/97,2
7/27/97,2
7/28/97,2.2
7/29/97,1.8
7/30/97,1.8
7/31/97,1.8
8/1/97,2.4
8/2/97,2.2
8/3/97,2.2
8/4/97,4.3
8/5/97,2.2
8/6/97,1.8
8/7/97,1.7
8/8/97,1.5
8/9/97,2.2
8/10/97,2.8
8/11/97,1.8
8/12/97,1.8
8/13/97,1.8
8/14/97,2.6
8/15/97,2
8/16/97,2.4
8/17/97,2.2
8/18/97,1.8
8/19/97,2.2
8/20/97,2
8/21/97,1.8
8/22/97,2
8/23/97,5.2
8/24/97,4.5
8/25/97,3.9
8/26/97,2.6
8/27/97,2
8/28/97,1.7
8/29/97,1.7
8/30/97,2
8/31/97,1.7
9/1/97,1.5
9/2/97,1.5
9/3/97,2.2
9/4/97,1.7
9/5/97,1.7
9/6/97,2
9/7/97,1.7
9/8/97,2
9/9/97,1.8
9/10/97,3.5
9/11/97,3
9/12/97,2.2
9/13/97,2.2
9/14/97,3
9/15/97,3.9
9/16/97,3.5
9/17/97,2.8
9/18/97,2
9/19/97,2.2
9/20/97,3.2
9/21/97,3.7
9/22/97,3
9/23/97,2.2
9/24/97,2
9/25/97,1.8
9/26/97,1.7
9/27/97,1.7
9/28/97,2.4
9/29/97,1.7
9/30/97,1.7
10/1/97,1.7
10/2/97,1.7
10/3/97,2
10/4/97,2.6
10/5/97,2.8
10/6/97,2.2
10/7/97,1.7
10/8/97,1.7
10/9/97,1.7
10/10/97,1.7
10/11/97,1.5
10/12/97,1.5
10/13/97,1.3
10/14/97,1.3
10/15/97,1.5
10/16/97,1.7
10/17/97,2.4
10/18/97,2
10/19/97,1.8
10/20/97,1.7
10/21/97,1.7
10/22/97,1.5
10/23/97,1.5
10/24/97,1.5
10/25/97,1.5
10/26/97,1.5
10/27/97,1.5
10/28/97,1.3
10/29/97,1.3
10/30/97,1.5
10/31/97,1.8
11/1/97,1.9
11/2/97,2.3
11/3/97,1.9
11/4/97,1.8
11/5/97,1.6
11/6/97,1.5
11/7/97,1.4
11/8/97,1.4
11/9/97,1.5
11/10/97,1.5
11/11/97,1.5
11/12/97,1.3
11/13/97,1.3
11/14/97,1.3
11/15/97,5.5
11/16/97,9.1
11/17/97,5.3
11/18/97,4.4
11/19/97,3.4
11/20/97,2.8
11/21/97,2.4
11/22/97,2.1
11/23/97,2
11/24/97,2
11/25/97,1.8
11/26/97,1.9
11/27/97,1.7
11/28/97,1.6
11/29/97,2.9
11/30/97,2.2
12/1/97,1.7
12/2/97,1.6
12/3/97,1.5
12/4/97,1.5
12/5/97,1.5
12/6/97,2.2
12/7/97,2
12/8/97,1.5
12/9/97,1.6
12/10/97,1.5
12/11/97,1.5
12/12/97,1.3
12/13/97,1.4
12/14/97,1.4
12/15/97,1.3
12/16/97,1.4
12/17/97,1.7
12/18/97,1.5
12/19/97,1.5
12/20/97,1.3
12/21/97,1.4
12/22/97,13.7
12/23/97,15.3
12/24/97,14.5
12/25/97,8.6
12/26/97,6.5
12/27/97,5.2
12/28/97,5
12/29/97,4.1
12/30/97,3.6
12/31/97,3.5
1/1/98,3.3
1/2/98,2.9
1/3/98,2.8
1/4/98,2.8
1/5/98,23.8
1/6/98,15.3
1/7/98,9.2
1/8/98,7.1
1/9/98,5.7
1/10/98,5.4
1/11/98,4.5
1/12/98,4.6
1/13/98,5.3
1/14/98,14
1/15/98,17.8
1/16/98,22.9
1/17/98,19.6
1/18/98,14.5
1/19/98,12.5
1/20/98,9.1
1/21/98,7.6
1/22/98,6.3
1/23/98,5.5
1/24/98,5.2
1/25/98,5.1
1/26/98,5.4
1/27/98,6.3
1/28/98,6.3
1/29/98,5.9
1/30/98,5.2
1/31/98,5
2/1/98,5.1
2/2/98,5.5
2/3/98,5.1
2/4/98,5
2/5/98,4.9
2/6/98,4.5
2/7/98,4.1
2/8/98,4
2/9/98,4.1
2/10/98,4.1
2/11/98,3.6
2/12/98,5.2
2/13/98,12.5
2/14/98,14.7
2/15/98,17.5
2/16/98,10.2
2/17/98,7.5
2/18/98,6.6
2/19/98,10.4
2/20/98,28.1
2/21/98,27.5
2/22/98,21.5
2/23/98,20.9
2/24/98,17.8
2/25/98,12.2
2/26/98,9.6
2/27/98,8
2/28/98,7.1
3/1/98,6.8
3/2/98,6.2
3/3/98,5.9
3/4/98,5.6
3/5/98,5.2
3/6/98,5.6
3/7/98,5.4
3/8/98,5.1
3/9/98,5
3/10/98,5
3/11/98,6
3/12/98,5.7
3/13/98,5.3
3/14/98,5.3
3/15/98,5.9
3/16/98,9.8
3/17/98,8.7
3/18/98,27.2
3/19/98,25
3/20/98,16.7
3/21/98,18.6
3/22/98,17.9
3/23/98,13.3
3/24/98,13
3/25/98,12.4
3/26/98,11.1
3/27/98,10.5
3/28/98,8.7
3/29/98,7.6
3/30/98,6.9
3/31/98,6.4
4/1/98,5.6
4/2/98,5.2
4/3/98,5.2
4/4/98,4.7
4/5/98,4.9
4/6/98,7.6
4/7/98,6.8
4/8/98,5.8
4/9/98,4.7
4/10/98,4.1
4/11/98,3.8
4/12/98,3.5
4/13/98,3.1
4/14/98,3.4
4/15/98,3.5
4/16/98,3.4
4/17/98,3
4/18/98,2.8
4/19/98,2.6
4/20/98,2.4
4/21/98,2.4
4/22/98,2.4
4/23/98,2.4
4/24/98,5.9
4/25/98,14.6
4/26/98,28
4/27/98,11.4
4/28/98,9.6
4/29/98,9.2
4/30/98,7.8
5/1/98,6.4
5/2/98,7.3
5/3/98,11.8
5/4/98,8.7
5/5/98,6.6
5/6/98,16.9
5/7/98,17.1
5/8/98,9.9
5/9/98,7.4
5/10/98,6.2
5/11/98,5.6
5/12/98,10.7
5/13/98,11.3
5/14/98,7.1
5/15/98,5.8
5/16/98,5.1
5/17/98,4.8
5/18/98,4.5
5/19/98,4.1
5/20/98,4.1
5/21/98,3.8
5/22/98,4.5
5/23/98,4.1
5/24/98,3.7
5/25/98,4.4
5/26/98,24.4
5/27/98,10.2
5/28/98,7.9
5/29/98,25.6
5/30/98,14.5
5/31/98,11
6/1/98,7.6
6/2/98,6.5
6/3/98,6
6/4/98,5.6
6/5/98,5.1
6/6/98,4.6
6/7/98,4.3
6/8/98,4.1
6/9/98,4.2
6/10/98,4
6/11/98,3.6
6/12/98,3.6
6/13/98,3.3
6/14/98,3.1
6/15/98,3.7
6/16/98,11.3
6/17/98,5.7
6/18/98,4.3
6/19/98,3.9
6/20/98,4.8
6/21/98,4.5
6/22/98,3.9
6/23/98,3.6
6/24/98,4.1
6/25/98,3.6
6/26/98,3.6
6/27/98,3.4
6/28/98,3.1
6/29/98,2.8
6/30/98,2.8
7/1/98,2.5
7/2/98,2.6
7/3/98,4.2
7/4/98,3.4
7/5/98,3
7/6/98,2.8
7/7/98,2.8
7/8/98,2.6
7/9/98,2.6
7/10/98,2.7
7/11/98,3
7/12/98,2.6
7/13/98,2.5
7/14/98,2.6
7/15/98,2.8
7/16/98,2.4
7/17/98,2.9
7/18/98,2.8
7/19/98,3
7/20/98,2.8
7/21/98,3.1
7/22/98,2.7
7/23/98,2.6
7/24/98,2.7
7/25/98,2.7
7/26/98,2.5
7/27/98,2.6
7/28/98,2.4
7/29/98,2.3
7/30/98,2.3
7/31/98,2.2
8/1/98,2.3
8/2/98,3.3
8/3/98,6.9
8/4/98,6.8
8/5/98,3.7
8/6/98,3.5
8/7/98,2.7
8/8/98,2.4
8/9/98,11.2
8/10/98,4.8
8/11/98,7.4
8/12/98,14
8/13/98,5.6
8/14/98,7.6
8/15/98,18.2
8/16/98,9.7
8/17/98,6.1
8/18/98,6.3
8/19/98,10.8
8/20/98,6.5
8/21/98,4.8
8/22/98,4
8/23/98,3.4
8/24/98,3.2
8/25/98,3
8/26/98,2.7
8/27/98,2.6
8/28/98,3.1
8/29/98,2.6
8/30/98,16.7
8/31/98,10.9
9/1/98,7.9
9/2/98,5
9/3/98,4.8
9/4/98,20.2
9/5/98,13.9
9/6/98,7.3
9/7/98,5.6
9/8/98,4.8
9/9/98,4.6
9/10/98,4.2
9/11/98,4.4
9/12/98,4.4
9/13/98,3.9
9/14/98,3.9
9/15/98,11.4
9/16/98,32.1
9/17/98,14.4
9/18/98,10.5
9/19/98,8.8
9/20/98,6.6
9/21/98,15.6
9/22/98,17.8
9/23/98,19.4
9/24/98,17.1
9/25/98,15.9
9/26/98,11
9/27/98,8.7
9/28/98,7.9
9/29/98,13.6
9/30/98,9.9
10/1/98,16.9
10/2/98,30.1
10/3/98,21
10/4/98,14.5
10/5/98,10.6
10/6/98,8.7
10/7/98,7.7
10/8/98,6.8
10/9/98,6.4
10/10/98,5.8
10/11/98,5.4
10/12/98,5.1
10/13/98,4.9
10/14/98,9.1
10/15/98,10.4
10/16/98,6.6
10/17/98,5.3
10/18/98,5
10/19/98,4.7
10/20/98,4.3
10/21/98,4.3
10/22/98,4.3
10/23/98,4.2
10/24/98,4.1
10/25/98,3.8
10/26/98,3.7
10/27/98,3.6
10/28/98,3.3
10/29/98,3.4
10/30/98,3.3
10/31/98,2.9
11/1/98,3
11/2/98,2.8
11/3/98,3.1
11/4/98,5.1
11/5/98,13.4
11/6/98,6.6
11/7/98,5.3
11/8/98,4.4
11/9/98,4
11/10/98,3.7
11/11/98,3.6
11/12/98,3.4
11/13/98,3.2
11/14/98,3.1
11/15/98,3.5
11/16/98,3.4
11/17/98,3.3
11/18/98,2.9
11/19/98,2.8
11/20/98,2.6
11/21/98,2.6
11/22/98,2.5
11/23/98,2.4
11/24/98,2.4
11/25/98,3.4
11/26/98,2.7
11/27/98,2.4
11/28/98,2.3
11/29/98,2.2
11/30/98,2.2
12/1/98,2
12/2/98,2.3
12/3/98,2.3
12/4/98,2.3
12/5/98,2.3
12/6/98,2.2
12/7/98,2.1
12/8/98,2
12/9/98,2
12/10/98,2
12/11/98,1.8
12/12/98,1.3
12/13/98,1.4
12/14/98,1.4
12/15/98,1.6
12/16/98,1.9
12/17/98,1.9
12/18/98,1.9
12/19/98,1.9
12/20/98,1.9
12/21/98,2.4
12/22/98,3.4
12/23/98,6.3
12/24/98,9.5
12/25/98,5.1
12/26/98,4
12/27/98,3.4
12/28/98,3
12/29/98,2.7
12/30/98,2.4
12/31/98,2.3
1/1/99,2.4
1/2/99,2.6
1/3/99,2.6
1/4/99,2.4
1/5/99,2.4
1/6/99,2.2
1/7/99,2.1
1/8/99,2.4
1/9/99,2.1
1/10/99,2
1/11/99,2.1
1/12/99,2
1/13/99,2.3
1/14/99,2.7
1/15/99,2.7
1/16/99,2.7
1/17/99,2.4
1/18/99,2.9
1/19/99,4.6
1/20/99,4.1
1/21/99,3.6
1/22/99,3.2
1/23/99,3.1
1/24/99,5.1
1/25/99,6.1
1/26/99,7.1
1/27/99,8.3
1/28/99,7.1
1/29/99,15.8
1/30/99,16.4
1/31/99,12.4
2/1/99,15.2
2/2/99,12.7
2/3/99,10.7
2/4/99,7.8
2/5/99,6.4
2/6/99,5.6
2/7/99,5
2/8/99,4.9
2/9/99,4.3
2/10/99,3.9
2/11/99,3.9
2/12/99,3.8
2/13/99,3.6
2/14/99,3.4
2/15/99,3.1
2/16/99,3.1
2/17/99,3.2
2/18/99,3.1
2/19/99,3.4
2/20/99,6
2/21/99,7.8
2/22/99,6.9
2/23/99,6.4
2/24/99,7.3
2/25/99,13.1
2/26/99,16.6
2/27/99,13.9
2/28/99,12.1
3/1/99,11.6
3/2/99,10.3
3/3/99,9.7
3/4/99,8.4
3/5/99,7
3/6/99,6.3
3/7/99,5.7
3/8/99,5.3
3/9/99,5.2
3/10/99,5.9
3/11/99,7
3/12/99,18.3
3/13/99,19.8
3/14/99,34.3
3/15/99,21
3/16/99,14.1
3/17/99,14.2
3/18/99,11.3
3/19/99,9.6
3/20/99,7.9
3/21/99,7
3/22/99,6.4
3/23/99,6.8
3/24/99,6.8
3/25/99,6.7
3/26/99,6.7
3/27/99,6.9
3/28/99,6
3/29/99,5.7
3/30/99,5.5
3/31/99,6.9
4/1/99,12.1
4/2/99,13.8
4/3/99,8.6
4/4/99,6.8
4/5/99,5.9
4/6/99,5.5
4/7/99,5.2
4/8/99,4.9
4/9/99,4.4
4/10/99,4.2
4/11/99,4.1
4/12/99,4.3
4/13/99,5
4/14/99,4.5
4/15/99,4.2
4/16/99,7.3
4/17/99,5.9
4/18/99,6.7
4/19/99,7.3
4/20/99,7
4/21/99,6.6
4/22/99,15.1
4/23/99,28.4
4/24/99,23.3
4/25/99,11.4
4/26/99,8.2
4/27/99,6.7
4/28/99,7.5
4/29/99,6.7
4/30/99,6.3
5/1/99,5.8
5/2/99,5.8
5/3/99,5.1
5/4/99,10.1
5/5/99,16.2
5/6/99,8.7
5/7/99,18.4
5/8/99,11.4
5/9/99,10.1
5/10/99,12.4
5/11/99,8.6
5/12/99,6.9
5/13/99,6
5/14/99,5.5
5/15/99,4.9
5/16/99,4.9
5/17/99,4.8
5/18/99,4.5
5/19/99,4.2
5/20/99,4
5/21/99,3.6
5/22/99,3.3
5/23/99,3.5
5/24/99,3.1
5/25/99,2.7
5/26/99,6.2
5/27/99,4.3
5/28/99,3.7
5/29/99,3.4
5/30/99,4.4
5/31/99,3.9
6/1/99,4.5
6/2/99,4.4
6/3/99,3.2
6/4/99,6.8
6/5/99,6.5
6/6/99,19.7
6/7/99,22.2
6/8/99,26.9
6/9/99,10.9
6/10/99,7.4
6/11/99,5.9
6/12/99,5.1
6/13/99,4.8
6/14/99,4.6
6/15/99,4.2
6/16/99,5.5
6/17/99,4.9
6/18/99,5.1
6/19/99,10.8
6/20/99,7.5
6/21/99,5.1
6/22/99,4.3
6/23/99,4.6
6/24/99,5.5
6/25/99,4.6
6/26/99,6.3
6/27/99,4.7
6/28/99,4.5
6/29/99,3.8
6/30/99,3.7
7/1/99,3.4
7/2/99,3.2
7/3/99,3.1
7/4/99,3
7/5/99,3
7/6/99,3.2
7/7/99,3.5
7/8/99,3.2
7/9/99,3.6
7/10/99,3.7
7/11/99,3.6
7/12/99,3.2
7/13/99,2.8
7/14/99,2.8
7/15/99,2.7
7/16/99,2.5
7/17/99,2.6
7/18/99,2.6
7/19/99,2.6
7/20/99,2.6
7/21/99,2.9
7/22/99,2.9
7/23/99,2.8
7/24/99,2.3
7/25/99,5.4
7/26/99,22.4
7/27/99,16.2
7/28/99,6.5
7/29/99,4.4
7/30/99,4.8
7/31/99,3.8
8/1/99,3.2
8/2/99,6.3
8/3/99,13.5
8/4/99,14.1
8/5/99,5.5
8/6/99,4.3
8/7/99,3.7
8/8/99,3.2
8/9/99,2.8
8/10/99,2.5
8/11/99,2.2
8/12/99,2.7
8/13/99,2.9
8/14/99,3.6
8/15/99,3.1
8/16/99,2.6
8/17/99,11.4
8/18/99,25.5
8/19/99,7.7
8/20/99,5.3
8/21/99,5
8/22/99,3.8
8/23/99,3.8
8/24/99,3.3
8/25/99,3.3
8/26/99,3.4
8/27/99,25.6
8/28/99,16
8/29/99,14.6
8/30/99,8.5
8/31/99,6.4
9/1/99,5.6
9/2/99,4.9
9/3/99,4.4
9/4/99,4
9/5/99,3.7
9/6/99,3.4
9/7/99,3.5
9/8/99,3
9/9/99,2.9
9/10/99,3.8
9/11/99,3.6
9/12/99,3.1
9/13/99,2.8
9/14/99,2.8
9/15/99,2.8
9/16/99,2.6
9/17/99,2.7
9/18/99,4.1
9/19/99,12.5
9/20/99,5.3
9/21/99,4
9/22/99,3.1
9/23/99,3.2
9/24/99,3
9/25/99,2.7
9/26/99,2.5
9/27/99,2.3
9/28/99,2.3
9/29/99,2.7
9/30/99,2.8
10/1/99,2.4
10/2/99,2.3
10/3/99,2.2
10/4/99,2
10/5/99,2.2
10/6/99,2.2
10/7/99,2.1
10/8/99,1.9
10/9/99,2
10/10/99,1.8
10/11/99,1.9
10/12/99,1.9
10/13/99,1.9
10/14/99,1.9
10/15/99,1.8
10/16/99,1.7
10/17/99,1.9
10/18/99,1.9
10/19/99,1.7
10/20/99,1.9
10/21/99,1.8
10/22/99,1.8
10/23/99,1.7
10/24/99,1.9
10/25/99,2.6
10/26/99,1.9
10/27/99,1.9
10/28/99,2
10/29/99,2
10/30/99,2
10/31/99,1.8
11/1/99,1.8
11/2/99,1.7
11/3/99,1.4
11/4/99,1.3
11/5/99,1.6
11/6/99,1.4
11/7/99,1.5
11/8/99,2.7
11/9/99,3.9
11/10/99,7.3
11/11/99,3.5
11/12/99,2.9
11/13/99,3.4
11/14/99,3.2
11/15/99,2.9
11/16/99,3.6
11/17/99,3.1
11/18/99,3
11/19/99,2.5
11/20/99,2.6
11/21/99,2.6
11/22/99,2.3
11/23/99,2
11/24/99,2.6
11/25/99,4.6
11/26/99,4
11/27/99,3.3
11/28/99,3.3
11/29/99,4.6
11/30/99,4
12/1/99,3.3
12/2/99,2.4
12/3/99,2.2
12/4/99,2.7
12/5/99,2.8
12/6/99,2.5
12/7/99,2.4
12/8/99,2.6
12/9/99,2.7
12/10/99,2.5
12/11/99,2.6
12/12/99,2.4
12/13/99,2.3
12/14/99,2.3
12/15/99,2.4
12/16/99,2.4
12/17/99,2.1
12/18/99,2.4
12/19/99,2.4
12/20/99,2.3
12/21/99,2.3
12/22/99,2.2
12/23/99,2.4
12/24/99,2.6
12/25/99,2.7
12/26/99,2.7
12/27/99,2.6
12/28/99,2.4
12/29/99,2.4
12/30/99,2.3
12/31/99,2.1
1/1/00,2.2
1/2/00,2.2
1/3/00,2.1
1/4/00,2
1/5/00,4.5
1/6/00,5.7
1/7/00,4.1
1/8/00,3.9
1/9/00,3.7
1/10/00,6.4
1/11/00,9
1/12/00,6.2
1/13/00,5.1
1/14/00,4.4
1/15/00,3.9
1/16/00,7.6
1/17/00,10
1/18/00,7
1/19/00,6.3
1/20/00,5.6
1/21/00,4.3
1/22/00,3.3
1/23/00,3
1/24/00,2.9
1/25/00,5.6
1/26/00,10.4
1/27/00,20.2
1/28/00,17.6
1/29/00,10.2
1/30/00,8
1/31/00,7.6
2/1/00,6.2
2/2/00,5.5
2/3/00,25
2/4/00,30.9
2/5/00,27.1
2/6/00,26.3
2/7/00,17.3
2/8/00,26
2/9/00,25.6
2/10/00,25.4
2/11/00,21.5
2/12/00,14.9
2/13/00,13.5
2/14/00,11.8
2/15/00,10
2/16/00,8.2
2/17/00,7.2
2/18/00,6.8
2/19/00,6.4
2/20/00,8.5
2/21/00,17.6
2/22/00,30.1
2/23/00,49.6
2/24/00,35.9
2/25/00,21
2/26/00,15.9
2/27/00,13.2
2/28/00,11.3
2/29/00,9.9
3/1/00,9.2
3/2/00,8.7
3/3/00,7.8
3/4/00,7
3/5/00,6.6
3/6/00,5.9
3/7/00,5.8
3/8/00,5.5
3/9/00,5.3
3/10/00,5.2
3/11/00,5.1
3/12/00,5.2
3/13/00,5.4
3/14/00,5.2
3/15/00,5.1
3/16/00,5.5
3/17/00,12.1
3/18/00,22.3
3/19/00,12.7
3/20/00,28.6
3/21/00,25.8
3/22/00,32
3/23/00,25.5
3/24/00,21.1
3/25/00,16.1
3/26/00,13.9
3/27/00,11.4
3/28/00,10.4
3/29/00,11.1
3/30/00,15.5
3/31/00,18.3
4/1/00,13.1
4/2/00,11.3
4/3/00,10.6
4/4/00,10
4/5/00,9.3
4/6/00,12.5
4/7/00,13.7
4/8/00,17
4/9/00,15.2
4/10/00,12.9
4/11/00,12.5
4/12/00,25.4
4/13/00,20.5
4/14/00,14.3
4/15/00,12.2
4/16/00,12.5
4/17/00,12.3
4/18/00,12.5
4/19/00,20.1
4/20/00,13.7
4/21/00,10.3
4/22/00,9
4/23/00,8.6
4/24/00,7.7
4/25/00,7.3
4/26/00,8.3
4/27/00,7.1
4/28/00,6.6
4/29/00,7.1
4/30/00,10.6
5/1/00,9.7
5/2/00,13.5
5/3/00,11.8
5/4/00,8.6
5/5/00,7.4
5/6/00,6.2
5/7/00,5.7
5/8/00,5.4
5/9/00,6.2
5/10/00,18.4
5/11/00,19.5
5/12/00,12.1
5/13/00,8.9
5/14/00,7
5/15/00,9
5/16/00,10.4
5/17/00,11.8
5/18/00,7.3
5/19/00,6.5
5/20/00,6.4
5/21/00,6.5
5/22/00,6.1
5/23/00,5.3
5/24/00,4.7
5/25/00,4.4
5/26/00,4.3
5/27/00,4
5/28/00,4
5/29/00,5.4
5/30/00,4.4
5/31/00,3.9
6/1/00,3.7
6/2/00,3.5
6/3/00,3.4
6/4/00,3.5
6/5/00,3.7
6/6/00,3.3
6/7/00,3.2
6/8/00,3.4
6/9/00,3.9
6/10/00,3
6/11/00,2.8
6/12/00,3
6/13/00,3.2
6/14/00,4
6/15/00,5.2
6/16/00,5.9
6/17/00,24.3
6/18/00,18.9
6/19/00,7.7
6/20/00,6.8
6/21/00,6.1
6/22/00,6.6
6/23/00,6.8
6/24/00,5.1
6/25/00,4
6/26/00,3.9
6/27/00,5.4
6/28/00,5.3
6/29/00,4.4
6/30/00,3.7
7/1/00,4.9
7/2/00,4.8
7/3/00,3.9
7/4/00,3.5
7/5/00,3.2
7/6/00,2.9
7/7/00,3.3
7/8/00,4.8
7/9/00,4.2
7/10/00,3.3
7/11/00,3
7/12/00,2.8
7/13/00,2.7
7/14/00,3.6
7/15/00,3.7
7/16/00,4.4
7/17/00,3.4
7/18/00,2.8
7/19/00,3.3
7/20/00,3.9
7/21/00,3.1
7/22/00,2.7
7/23/00,2.6
7/24/00,3.3
7/25/00,2.8
7/26/00,2.7
7/27/00,2.4
7/28/00,2.4
7/29/00,2.4
7/30/00,2.3
7/31/00,2.2
8/1/00,2.2
8/2/00,2.3
8/3/00,2.4
8/4/00,2.5
8/5/00,2.2
8/6/00,7.1
8/7/00,3.3
8/8/00,2.2
8/9/00,2.3
8/10/00,2.3
8/11/00,2.5
8/12/00,1.9
8/13/00,1.8
8/14/00,2.5
8/15/00,1.9
8/16/00,2.3
8/17/00,1.9
8/18/00,1.8
8/19/00,3.6
8/20/00,3
8/21/00,3.3
8/22/00,2.5
8/23/00,5.6
8/24/00,5.9
8/25/00,3.5
8/26/00,2.7
8/27/00,2.4
8/28/00,2.3
8/29/00,2.9
8/30/00,4
8/31/00,3
9/1/00,2.5
9/2/00,2.3
9/3/00,2.3
9/4/00,2.2
9/5/00,3.4
9/6/00,2.7
9/7/00,2.1
9/8/00,1.8
9/9/00,1.8
9/10/00,1.9
9/11/00,2.2
9/12/00,2
9/13/00,2.9
9/14/00,2.1
9/15/00,2.5
9/16/00,2.8
9/17/00,2
9/18/00,1.8
9/19/00,1.7
9/20/00,2
9/21/00,1.9
9/22/00,2.1
9/23/00,2
9/24/00,1.8
9/25/00,1.8
9/26/00,1.8
9/27/00,1.9
9/28/00,1.9
9/29/00,2
9/30/00,3.1
10/1/00,3.5
10/2/00,8.2
10/3/00,7.5
10/4/00,5.2
10/5/00,3.6
10/6/00,2.8
10/7/00,2.4
10/8/00,2.2
10/9/00,2.1
10/10/00,1.8
10/11/00,1.8
10/12/00,1.5
10/13/00,1.5
10/14/00,1.4
10/15/00,1.2
10/16/00,1.2
10/17/00,1.2
10/18/00,1.5
10/19/00,2.2
10/20/00,2.2
10/21/00,2
10/22/00,3
10/23/00,3.4
10/24/00,2.1
10/25/00,2.3
10/26/00,2
10/27/00,1.9
10/28/00,2
10/29/00,2
10/30/00,1.8
10/31/00,1.7
11/1/00,1.6
11/2/00,1.6
11/3/00,1.5
11/4/00,1.4
11/5/00,1.4
11/6/00,1.4
11/7/00,1.7
11/8/00,1.4
11/9/00,1.9
11/10/00,1.5
11/11/00,1.5
11/12/00,1.7
11/13/00,6.6
11/14/00,4.9
11/15/00,3.4
11/16/00,3
11/17/00,5.7
11/18/00,8.7
11/19/00,7.9
11/20/00,5.7
11/21/00,5.4
11/22/00,4.7
11/23/00,3.8
11/24/00,3.2
11/25/00,2.8
11/26/00,2.4
11/27/00,2.4
11/28/00,2.3
11/29/00,5.3
11/30/00,4.5
12/1/00,4.9
12/2/00,5.1
12/3/00,7.9
12/4/00,6.4
12/5/00,6.1
12/6/00,5.1
12/7/00,4.4
12/8/00,3.6
12/9/00,3.4
12/10/00,3
12/11/00,2.7
12/12/00,2.4
12/13/00,2.5
12/14/00,2.4
12/15/00,2.1
12/16/00,2.1
12/17/00,2
12/18/00,2
12/19/00,1.7
12/20/00,1.8
12/21/00,1.9
12/22/00,1.8
12/23/00,1.6
12/24/00,1.7
12/25/00,1.5
12/26/00,1.3
12/27/00,1.5
12/28/00,1.4
12/29/00,1.5
12/30/00,1.5